countryiso3code,country,indicator,date,value
BEN,Benin,CURRENT_ACCOUNT,2020,-1.74648575797682
BEN,Benin,CURRENT_ACCOUNT,2021,-4.15352071063382
BEN,Benin,CURRENT_ACCOUNT,2022,-5.68712530548324
BEN,Benin,CURRENT_ACCOUNT,2023,-8.17628006592928
BEN,Benin,FDI,2020,174019952.06305
BEN,Benin,FDI,2021,345985235.680029
BEN,Benin,FDI,2022,375988902.223793
BEN,Benin,FDI,2023,442960064.385834
BEN,Benin,FDI,2024,543007400.0
BEN,Benin,INFLATION,2020,3.02272119663759
BEN,Benin,INFLATION,2021,1.73353962694036
BEN,Benin,INFLATION,2022,1.35077863583527
BEN,Benin,INFLATION,2023,2.73870078406075
BEN,Benin,INFLATION,2024,1.16093089640415
BEN,Benin,EXPORTS,2020,3117343141.94693
BEN,Benin,EXPORTS,2021,3700039683.35829
BEN,Benin,EXPORTS,2022,3627155581.76734
BEN,Benin,EXPORTS,2023,3935350521.8556
BEN,Benin,EXPORTS,2024,4047363784.45537
BEN,Benin,IMPORTS,2020,3915530456.1048
BEN,Benin,IMPORTS,2021,4799723188.71051
BEN,Benin,IMPORTS,2022,4106516764.69897
BEN,Benin,IMPORTS,2023,4851357175.5354
BEN,Benin,IMPORTS,2024,4683140133.79221
BEN,Benin,GDP_GROWTH,2020,3.84879240030133
BEN,Benin,GDP_GROWTH,2021,7.1554516457574
BEN,Benin,GDP_GROWTH,2022,6.25294705373625
BEN,Benin,GDP_GROWTH,2023,6.3527773854442
BEN,Benin,GDP_GROWTH,2024,7.45311566226201
BEN,Benin,GDP_PC,2020,1200.19426557789
BEN,Benin,GDP_PC,2021,1318.65158075198
BEN,Benin,GDP_PC,2022,1266.42711031904
BEN,Benin,GDP_PC,2023,1394.17784721831
BEN,Benin,GDP_PC,2024,1485.38018885134
BEN,Benin,UNEMPLOYMENT,2020,1.518
BEN,Benin,UNEMPLOYMENT,2021,1.833
BEN,Benin,UNEMPLOYMENT,2022,1.685
BEN,Benin,UNEMPLOYMENT,2023,1.641
BEN,Benin,UNEMPLOYMENT,2024,1.637
BEN,Benin,POPULATION,2020,13070169.0
BEN,Benin,POPULATION,2021,13413417.0
BEN,Benin,POPULATION,2022,13759501.0
BEN,Benin,POPULATION,2023,14111034.0
BEN,Benin,POPULATION,2024,14462724.0
BFA,Burkina Faso,CURRENT_ACCOUNT,2020,4.1931251239965
BFA,Burkina Faso,CURRENT_ACCOUNT,2021,0.392208859644244
BFA,Burkina Faso,CURRENT_ACCOUNT,2022,-7.53912115376433
BFA,Burkina Faso,CURRENT_ACCOUNT,2023,-5.05911958154004
BFA,Burkina Faso,CURRENT_ACCOUNT,2024,-3.96877055984497
BFA,Burkina Faso,FDI,2020,-98777856.0144418
BFA,Burkina Faso,FDI,2021,-79957355.3390048
BFA,Burkina Faso,FDI,2022,669738240.850164
BFA,Burkina Faso,FDI,2023,109438755.395966
BFA,Burkina Faso,FDI,2024,-202224388.094201
BFA,Burkina Faso,INFLATION,2020,1.88470066518847
BFA,Burkina Faso,INFLATION,2021,3.65326761825509
BFA,Burkina Faso,INFLATION,2022,14.2902354303358
BFA,Burkina Faso,INFLATION,2023,0.742910428668918
BFA,Burkina Faso,INFLATION,2024,4.19081721344523
BFA,Burkina Faso,GOV_DEBT,2020,73.3851925518101
BFA,Burkina Faso,GOV_DEBT,2021,55.5822235545459
BFA,Burkina Faso,GOV_DEBT,2022,63.1897248087734
BFA,Burkina Faso,GOV_DEBT,2023,61.9522242117801
BFA,Burkina Faso,GOV_DEBT,2024,64.1848911988902
BFA,Burkina Faso,EXPORTS,2020,5632452790.61293
BFA,Burkina Faso,EXPORTS,2021,6460208896.64941
BFA,Burkina Faso,EXPORTS,2022,5813561183.39553
BFA,Burkina Faso,EXPORTS,2023,5820589716.51653
BFA,Burkina Faso,EXPORTS,2024,6608822103.86993
BFA,Burkina Faso,IMPORTS,2020,5133679370.81792
BFA,Burkina Faso,IMPORTS,2021,5835051415.32522
BFA,Burkina Faso,IMPORTS,2022,6760351772.06807
BFA,Burkina Faso,IMPORTS,2023,6877000995.68104
BFA,Burkina Faso,IMPORTS,2024,7387126425.77464
BFA,Burkina Faso,GDP_GROWTH,2020,2.01077262406221
BFA,Burkina Faso,GDP_GROWTH,2021,6.94252492572348
BFA,Burkina Faso,GDP_GROWTH,2022,1.62673258211919
BFA,Burkina Faso,GDP_GROWTH,2023,3.00027415814125
BFA,Burkina Faso,GDP_GROWTH,2024,4.83395810163883
BFA,Burkina Faso,GDP_PC,2020,825.237038782475
BFA,Burkina Faso,GDP_PC,2021,895.535288442991
BFA,Burkina Faso,GDP_PC,2022,827.330843486661
BFA,Burkina Faso,GDP_PC,2023,873.198061670247
BFA,Burkina Faso,GDP_PC,2024,982.493100418428
BFA,Burkina Faso,UNEMPLOYMENT,2020,4.59
BFA,Burkina Faso,UNEMPLOYMENT,2021,4.511
BFA,Burkina Faso,UNEMPLOYMENT,2022,3.828
BFA,Burkina Faso,UNEMPLOYMENT,2023,3.601
BFA,Burkina Faso,UNEMPLOYMENT,2024,3.441
BFA,Burkina Faso,POPULATION,2020,21478690.0
BFA,Burkina Faso,POPULATION,2021,21995243.0
BFA,Burkina Faso,POPULATION,2022,22509038.0
BFA,Burkina Faso,POPULATION,2023,23025776.0
BFA,Burkina Faso,POPULATION,2024,23548781.0
CIV,Cote d'Ivoire,CURRENT_ACCOUNT,2020,-3.13243536755176
CIV,Cote d'Ivoire,CURRENT_ACCOUNT,2021,-3.94825311453384
CIV,Cote d'Ivoire,CURRENT_ACCOUNT,2022,-7.60520680486661
CIV,Cote d'Ivoire,CURRENT_ACCOUNT,2023,-8.05003680066956
CIV,Cote d'Ivoire,CURRENT_ACCOUNT,2024,-4.46811097764034
CIV,Cote d'Ivoire,FDI,2020,712915894.481616
CIV,Cote d'Ivoire,FDI,2021,1392435143.38301
CIV,Cote d'Ivoire,FDI,2022,1599115748.83326
CIV,Cote d'Ivoire,FDI,2023,2485137116.69214
CIV,Cote d'Ivoire,FDI,2024,3121671772.60831
CIV,Cote d'Ivoire,INFLATION,2020,2.41252617189053
CIV,Cote d'Ivoire,INFLATION,2021,4.15919657911798
CIV,Cote d'Ivoire,INFLATION,2022,5.23352856100843
CIV,Cote d'Ivoire,INFLATION,2023,4.36972254867474
CIV,Cote d'Ivoire,INFLATION,2024,3.45053028131019
CIV,Cote d'Ivoire,EXPORTS,2020,13231732415.0367
CIV,Cote d'Ivoire,EXPORTS,2021,16230487159.2541
CIV,Cote d'Ivoire,EXPORTS,2022,17211097451.1321
CIV,Cote d'Ivoire,EXPORTS,2023,18123337011.1187
CIV,Cote d'Ivoire,EXPORTS,2024,22673827945.9702
CIV,Cote d'Ivoire,IMPORTS,2020,13203807830.5952
CIV,Cote d'Ivoire,IMPORTS,2021,16610109080.0793
CIV,Cote d'Ivoire,IMPORTS,2022,20283240452.5601
CIV,Cote d'Ivoire,IMPORTS,2023,21311191334.5497
CIV,Cote d'Ivoire,IMPORTS,2024,21984729877.2984
CIV,Cote d'Ivoire,GDP_GROWTH,2020,0.699728593494228
CIV,Cote d'Ivoire,GDP_GROWTH,2021,7.06253713446816
CIV,Cote d'Ivoire,GDP_GROWTH,2022,6.39988362730921
CIV,Cote d'Ivoire,GDP_GROWTH,2023,6.60000045209176
CIV,Cote d'Ivoire,GDP_GROWTH,2024,6.0195346193922
CIV,Cote d'Ivoire,GDP_PC,2020,2179.72934832935
CIV,Cote d'Ivoire,GDP_PC,2021,2455.98127641148
CIV,Cote d'Ivoire,GDP_PC,2022,2333.37128301259
CIV,Cote d'Ivoire,GDP_PC,2023,2591.9659048119
CIV,Cote d'Ivoire,GDP_PC,2024,2727.8935220697
CIV,Cote d'Ivoire,UNEMPLOYMENT,2020,2.588
CIV,Cote d'Ivoire,UNEMPLOYMENT,2021,2.623
CIV,Cote d'Ivoire,UNEMPLOYMENT,2022,2.31
CIV,Cote d'Ivoire,UNEMPLOYMENT,2023,2.263
CIV,Cote d'Ivoire,UNEMPLOYMENT,2024,2.273
CIV,Cote d'Ivoire,POPULATION,2020,28915449.0
CIV,Cote d'Ivoire,POPULATION,2021,29639736.0
CIV,Cote d'Ivoire,POPULATION,2022,30395002.0
CIV,Cote d'Ivoire,POPULATION,2023,31165654.0
CIV,Cote d'Ivoire,POPULATION,2024,31934230.0
GHA,Ghana,CURRENT_ACCOUNT,2020,-3.04816313374944
GHA,Ghana,CURRENT_ACCOUNT,2021,-2.8205574143058
GHA,Ghana,CURRENT_ACCOUNT,2022,-2.33126484632356
GHA,Ghana,CURRENT_ACCOUNT,2023,-0.911884130701339
GHA,Ghana,CURRENT_ACCOUNT,2024,1.91923157284388
GHA,Ghana,FDI,2020,1875782953.46905
GHA,Ghana,FDI,2021,2533586462.03873
GHA,Ghana,FDI,2022,1428411737.133
GHA,Ghana,FDI,2023,1319315614.67989
GHA,Ghana,FDI,2024,1765552579.5641
GHA,Ghana,INFLATION,2020,9.88728956269944
GHA,Ghana,INFLATION,2021,9.9710886750444
GHA,Ghana,INFLATION,2022,31.2558951049016
GHA,Ghana,INFLATION,2023,38.1069656296501
GHA,Ghana,INFLATION,2024,22.8483281157842
GHA,Ghana,EXPORTS,2020,22070393252.1853
GHA,Ghana,EXPORTS,2021,23898089227.0418
GHA,Ghana,EXPORTS,2022,25623315466.9184
GHA,Ghana,EXPORTS,2023,25590486225.4334
GHA,Ghana,EXPORTS,2024,29197465998.8647
GHA,Ghana,IMPORTS,2020,24537944240.0045
GHA,Ghana,IMPORTS,2021,25963543826.9813
GHA,Ghana,IMPORTS,2022,26205330553.5428
GHA,Ghana,IMPORTS,2023,26272099171.5081
GHA,Ghana,IMPORTS,2024,28244066026.1723
GHA,Ghana,GDP_GROWTH,2020,0.513941670628171
GHA,Ghana,GDP_GROWTH,2021,5.07646643533542
GHA,Ghana,GDP_GROWTH,2022,3.80484978178042
GHA,Ghana,GDP_GROWTH,2023,3.14009100080186
GHA,Ghana,GDP_GROWTH,2024,5.84746854280382
GHA,Ghana,GDP_PC,2020,2195.45481659987
GHA,Ghana,GDP_PC,2021,2445.18662529344
GHA,Ghana,GDP_PC,2022,2229.89122654479
GHA,Ghana,GDP_PC,2023,2383.90410476221
GHA,Ghana,GDP_PC,2024,2419.2518672482
GHA,Ghana,UNEMPLOYMENT,2020,3.178
GHA,Ghana,UNEMPLOYMENT,2021,3.2
GHA,Ghana,UNEMPLOYMENT,2022,2.87
GHA,Ghana,UNEMPLOYMENT,2023,2.829
GHA,Ghana,UNEMPLOYMENT,2024,2.82
GHA,Ghana,POPULATION,2020,31887809.0
GHA,Ghana,POPULATION,2021,32518665.0
GHA,Ghana,POPULATION,2022,33149152.0
GHA,Ghana,POPULATION,2023,33787914.0
GHA,Ghana,POPULATION,2024,34427414.0
GIN,Guinea,CURRENT_ACCOUNT,2020,19.0560604764664
GIN,Guinea,CURRENT_ACCOUNT,2021,27.1761588078073
GIN,Guinea,CURRENT_ACCOUNT,2022,16.8265386883899
GIN,Guinea,CURRENT_ACCOUNT,2023,8.48425837744304
GIN,Guinea,CURRENT_ACCOUNT,2024,-1.56673613616474
GIN,Guinea,FDI,2020,176350000.0
GIN,Guinea,FDI,2021,197610000.0
GIN,Guinea,FDI,2022,658300000.0
GIN,Guinea,FDI,2023,1314930000.0
GIN,Guinea,FDI,2024,1401830000.0
GIN,Guinea,INFLATION,2020,10.6016203387167
GIN,Guinea,INFLATION,2021,12.5972882566934
GIN,Guinea,INFLATION,2022,10.4930409984424
GIN,Guinea,INFLATION,2023,7.80497591927973
GIN,Guinea,INFLATION,2024,8.12313914948596
GIN,Guinea,EXPORTS,2020,6617433828.61847
GIN,Guinea,EXPORTS,2021,9596023580.50904
GIN,Guinea,EXPORTS,2022,9043059038.49661
GIN,Guinea,EXPORTS,2023,9888943025.0436
GIN,Guinea,EXPORTS,2024,10351843899.1646
GIN,Guinea,IMPORTS,2020,9692379045.73057
GIN,Guinea,IMPORTS,2021,10066835236.1114
GIN,Guinea,IMPORTS,2022,9705672892.03881
GIN,Guinea,IMPORTS,2023,11584168920.1287
GIN,Guinea,IMPORTS,2024,14101095979.5768
GIN,Guinea,GDP_GROWTH,2020,4.70459096113575
GIN,Guinea,GDP_GROWTH,2021,5.5823328114905
GIN,Guinea,GDP_GROWTH,2022,3.97240784200721
GIN,Guinea,GDP_GROWTH,2023,5.54172668627702
GIN,Guinea,GDP_GROWTH,2024,5.35004659049265
GIN,Guinea,GDP_PC,2020,1053.66097696415
GIN,Guinea,GDP_PC,2021,1244.96550477914
GIN,Guinea,GDP_PC,2022,1416.59612011764
GIN,Guinea,GDP_PC,2023,1555.49375806861
GIN,Guinea,GDP_PC,2024,1694.95375862185
GIN,Guinea,UNEMPLOYMENT,2020,6.007
GIN,Guinea,UNEMPLOYMENT,2021,5.815
GIN,Guinea,UNEMPLOYMENT,2022,5.174
GIN,Guinea,UNEMPLOYMENT,2023,5.141
GIN,Guinea,UNEMPLOYMENT,2024,5.132
GIN,Guinea,POPULATION,2020,13371183.0
GIN,Guinea,POPULATION,2021,13710513.0
GIN,Guinea,POPULATION,2022,14055137.0
GIN,Guinea,POPULATION,2023,14405468.0
GIN,Guinea,POPULATION,2024,14754785.0
LBR,Liberia,CURRENT_ACCOUNT,2020,-10.3043027389936
LBR,Liberia,CURRENT_ACCOUNT,2021,-2.83280554425972
LBR,Liberia,CURRENT_ACCOUNT,2022,-8.71094478928875
LBR,Liberia,CURRENT_ACCOUNT,2023,-11.5068290648574
LBR,Liberia,CURRENT_ACCOUNT,2024,2.50632277204121
LBR,Liberia,FDI,2020,-94014462.196
LBR,Liberia,FDI,2021,-39290946.93
LBR,Liberia,FDI,2022,123765393.588
LBR,Liberia,FDI,2023,312281351.862
LBR,Liberia,FDI,2024,471538316.99677
LBR,Liberia,INFLATION,2020,16.9557241496255
LBR,Liberia,INFLATION,2021,7.81559385858648
LBR,Liberia,INFLATION,2022,7.59298486560313
LBR,Liberia,INFLATION,2023,10.0944535665552
LBR,Liberia,INFLATION,2024,8.21497439118964
LBR,Liberia,GDP_GROWTH,2020,-2.98249127649473
LBR,Liberia,GDP_GROWTH,2021,4.98671283481617
LBR,Liberia,GDP_GROWTH,2022,4.80810517290655
LBR,Liberia,GDP_GROWTH,2023,4.68375688761311
LBR,Liberia,GDP_GROWTH,2024,4.02185464964835
LBR,Liberia,GDP_PC,2020,616.787867006715
LBR,Liberia,GDP_PC,2021,667.96610514319
LBR,Liberia,GDP_PC,2022,744.617175237387
LBR,Liberia,GDP_PC,2023,799.194470229642
LBR,Liberia,GDP_PC,2024,851.497723870206
LBR,Liberia,UNEMPLOYMENT,2020,4.102
LBR,Liberia,UNEMPLOYMENT,2021,3.844
LBR,Liberia,UNEMPLOYMENT,2022,2.956
LBR,Liberia,UNEMPLOYMENT,2023,2.905
LBR,Liberia,UNEMPLOYMENT,2024,2.914
LBR,Liberia,POPULATION,2020,5149463.0
LBR,Liberia,POPULATION,2021,5259323.0
LBR,Liberia,POPULATION,2022,5373294.0
LBR,Liberia,POPULATION,2023,5493031.0
LBR,Liberia,POPULATION,2024,5612817.0
MLI,Mali,CURRENT_ACCOUNT,2020,-1.83434524248166
MLI,Mali,CURRENT_ACCOUNT,2021,-6.38508311257971
MLI,Mali,CURRENT_ACCOUNT,2022,-6.54582121437752
MLI,Mali,CURRENT_ACCOUNT,2023,-6.49904215184635
MLI,Mali,CURRENT_ACCOUNT,2024,-4.32974251221221
MLI,Mali,FDI,2020,536851812.897275
MLI,Mali,FDI,2021,639944165.358959
MLI,Mali,FDI,2022,715469994.852307
MLI,Mali,FDI,2023,702559730.160354
MLI,Mali,FDI,2024,921044497.586045
MLI,Mali,INFLATION,2020,0.438088940320669
MLI,Mali,INFLATION,2021,3.92560283104277
MLI,Mali,INFLATION,2022,9.62147608489064
MLI,Mali,INFLATION,2023,2.05880228274223
MLI,Mali,INFLATION,2024,3.2063986409966
MLI,Mali,EXPORTS,2020,5204085877.66132
MLI,Mali,EXPORTS,2021,5389820860.67646
MLI,Mali,EXPORTS,2022,5866178905.32816
MLI,Mali,EXPORTS,2023,6141554207.08006
MLI,Mali,EXPORTS,2024,5974568257.06758
MLI,Mali,IMPORTS,2020,6395707970.69675
MLI,Mali,IMPORTS,2021,7654213177.65694
MLI,Mali,IMPORTS,2022,8009736749.56921
MLI,Mali,IMPORTS,2023,8137764865.45859
MLI,Mali,IMPORTS,2024,7343580592.96065
MLI,Mali,GDP_GROWTH,2020,-1.16910834857605
MLI,Mali,GDP_GROWTH,2021,3.10094124463507
MLI,Mali,GDP_GROWTH,2022,3.70319027585386
MLI,Mali,GDP_GROWTH,2023,4.76394100040932
MLI,Mali,GDP_GROWTH,2024,5.01653579205785
MLI,Mali,GDP_PC,2020,953.242943290974
MLI,Mali,GDP_PC,2021,1027.27345365357
MLI,Mali,GDP_PC,2022,976.914116406452
MLI,Mali,GDP_PC,2023,1042.44223444837
MLI,Mali,GDP_PC,2024,1093.2523323649
MLI,Mali,UNEMPLOYMENT,2020,3.528
MLI,Mali,UNEMPLOYMENT,2021,4.006
MLI,Mali,UNEMPLOYMENT,2022,2.387
MLI,Mali,UNEMPLOYMENT,2023,2.947
MLI,Mali,UNEMPLOYMENT,2024,2.924
MLI,Mali,POPULATION,2020,21713836.0
MLI,Mali,POPULATION,2021,22388630.0
MLI,Mali,POPULATION,2022,23072640.0
MLI,Mali,POPULATION,2023,23769127.0
MLI,Mali,POPULATION,2024,24478595.0
SEN,Senegal,CURRENT_ACCOUNT,2020,-10.8532305243561
SEN,Senegal,CURRENT_ACCOUNT,2021,-12.0900482268387
SEN,Senegal,CURRENT_ACCOUNT,2022,-19.9485520410487
SEN,Senegal,CURRENT_ACCOUNT,2023,-19.7803402658787
SEN,Senegal,FDI,2020,1845665272.73822
SEN,Senegal,FDI,2021,2588127208.45378
SEN,Senegal,FDI,2022,2928675555.20778
SEN,Senegal,FDI,2023,4789996739.26742
SEN,Senegal,FDI,2024,2016428880.0
SEN,Senegal,INFLATION,2020,2.54314685681662
SEN,Senegal,INFLATION,2021,2.18032278088147
SEN,Senegal,INFLATION,2022,9.69681899081073
SEN,Senegal,INFLATION,2023,5.93947798773215
SEN,Senegal,INFLATION,2024,0.804503298792438
SEN,Senegal,EXPORTS,2020,5077951817.12245
SEN,Senegal,EXPORTS,2021,6781011708.68501
SEN,Senegal,EXPORTS,2022,7417917497.04587
SEN,Senegal,EXPORTS,2023,7092836396.8035
SEN,Senegal,EXPORTS,2024,8197606373.40137
SEN,Senegal,IMPORTS,2020,9651853852.83994
SEN,Senegal,IMPORTS,2021,12311805834.7268
SEN,Senegal,IMPORTS,2022,14641332038.724
SEN,Senegal,IMPORTS,2023,14883981467.266
SEN,Senegal,IMPORTS,2024,13754025059.2901
SEN,Senegal,GDP_GROWTH,2020,1.34207377285524
SEN,Senegal,GDP_GROWTH,2021,6.5440010991951
SEN,Senegal,GDP_GROWTH,2022,3.85043193752725
SEN,Senegal,GDP_GROWTH,2023,4.25743083300657
SEN,Senegal,GDP_GROWTH,2024,6.46220577412338
SEN,Senegal,GDP_PC,2020,1461.08720350553
SEN,Senegal,GDP_PC,2021,1598.10676952274
SEN,Senegal,GDP_PC,2022,1574.0281059306
SEN,Senegal,GDP_PC,2023,1698.03387300843
SEN,Senegal,GDP_PC,2024,1738.73223822106
SEN,Senegal,UNEMPLOYMENT,2020,3.432
SEN,Senegal,UNEMPLOYMENT,2021,3.436
SEN,Senegal,UNEMPLOYMENT,2022,2.837
SEN,Senegal,UNEMPLOYMENT,2023,2.784
SEN,Senegal,UNEMPLOYMENT,2024,2.788
SEN,Senegal,POPULATION,2020,16789219.0
SEN,Senegal,POPULATION,2021,17220867.0
SEN,Senegal,POPULATION,2022,17651103.0
SEN,Senegal,POPULATION,2023,18077573.0
SEN,Senegal,POPULATION,2024,18501984.0
SLE,Sierra Leone,CURRENT_ACCOUNT,2020,-5.83728154393524
SLE,Sierra Leone,CURRENT_ACCOUNT,2021,-7.29482310965872
SLE,Sierra Leone,CURRENT_ACCOUNT,2022,-6.3486336227146
SLE,Sierra Leone,CURRENT_ACCOUNT,2023,-7.86330353335447
SLE,Sierra Leone,CURRENT_ACCOUNT,2024,-14.1190349801252
SLE,Sierra Leone,FDI,2020,51000000.0
SLE,Sierra Leone,FDI,2021,214000000.0
SLE,Sierra Leone,FDI,2022,145000000.0
SLE,Sierra Leone,FDI,2023,145910237.670517
SLE,Sierra Leone,FDI,2024,121785333.781549
SLE,Sierra Leone,INFLATION,2020,13.4468711101052
SLE,Sierra Leone,INFLATION,2021,11.8739588840234
SLE,Sierra Leone,INFLATION,2022,27.2082883814653
SLE,Sierra Leone,INFLATION,2023,47.6428733253179
SLE,Sierra Leone,INFLATION,2024,28.6337500014115
SLE,Sierra Leone,EXPORTS,2020,661505014.228488
SLE,Sierra Leone,EXPORTS,2021,1114288670.11354
SLE,Sierra Leone,EXPORTS,2022,1194958865.00589
SLE,Sierra Leone,EXPORTS,2023,1344997466.54228
SLE,Sierra Leone,EXPORTS,2024,1203610315.47802
SLE,Sierra Leone,IMPORTS,2020,1385993375.12883
SLE,Sierra Leone,IMPORTS,2021,1906108257.87819
SLE,Sierra Leone,IMPORTS,2022,2013408071.81272
SLE,Sierra Leone,IMPORTS,2023,2202122026.06211
SLE,Sierra Leone,IMPORTS,2024,1622864248.13392
SLE,Sierra Leone,GDP_GROWTH,2020,-1.2533490322766
SLE,Sierra Leone,GDP_GROWTH,2021,5.8968527047094
SLE,Sierra Leone,GDP_GROWTH,2022,5.3135546141915
SLE,Sierra Leone,GDP_GROWTH,2023,5.7100218981806
SLE,Sierra Leone,GDP_GROWTH,2024,4.29322334404611
SLE,Sierra Leone,GDP_PC,2020,845.277558236182
SLE,Sierra Leone,GDP_PC,2021,885.396401613729
SLE,Sierra Leone,GDP_PC,2022,860.371067874555
SLE,Sierra Leone,GDP_PC,2023,758.329137301888
SLE,Sierra Leone,GDP_PC,2024,806.654650274255
SLE,Sierra Leone,UNEMPLOYMENT,2020,3.509
SLE,Sierra Leone,UNEMPLOYMENT,2021,3.551
SLE,Sierra Leone,UNEMPLOYMENT,2022,3.137
SLE,Sierra Leone,UNEMPLOYMENT,2023,3.092
SLE,Sierra Leone,UNEMPLOYMENT,2024,3.103
SLE,Sierra Leone,POPULATION,2020,7912558.0
SLE,Sierra Leone,POPULATION,2021,8094602.0
SLE,Sierra Leone,POPULATION,2022,8276807.0
SLE,Sierra Leone,POPULATION,2023,8460512.0
SLE,Sierra Leone,POPULATION,2024,8642022.0
