country_code,indicator_code,year,value
BEN,GDP_GROWTH,2024,7.45311566226201
BEN,GDP_GROWTH,2023,6.3527773854442
BEN,GDP_GROWTH,2022,6.25294705373625
BEN,GDP_GROWTH,2021,7.1554516457574
BEN,GDP_GROWTH,2020,3.84879240030133
BEN,GDP_PC,2024,1485.38018885134
BEN,GDP_PC,2023,1394.17784721831
BEN,GDP_PC,2022,1266.42711031904
BEN,GDP_PC,2021,1318.65158075198
BEN,GDP_PC,2020,1200.19426557789
BEN,INFLATION,2024,1.16093089640415
BEN,INFLATION,2023,2.73870078406075
BEN,INFLATION,2022,1.35077863583527
BEN,INFLATION,2021,1.73353962694036
BEN,INFLATION,2020,3.02272119663759
BEN,UNEMPLOYMENT,2024,1.637
BEN,UNEMPLOYMENT,2023,1.641
BEN,UNEMPLOYMENT,2022,1.685
BEN,UNEMPLOYMENT,2021,1.833
BEN,UNEMPLOYMENT,2020,1.518
BEN,GOV_DEBT,2024,
BEN,GOV_DEBT,2023,
BEN,GOV_DEBT,2022,
BEN,GOV_DEBT,2021,
BEN,GOV_DEBT,2020,
BEN,FDI,2024,543007400.0
BEN,FDI,2023,442960064.385834
BEN,FDI,2022,375988902.223793
BEN,FDI,2021,345985235.680029
BEN,FDI,2020,174019952.06305
BEN,EXPORTS,2024,4047363784.45537
BEN,EXPORTS,2023,3935350521.8556
BEN,EXPORTS,2022,3627155581.76734
BEN,EXPORTS,2021,3700039683.35829
BEN,EXPORTS,2020,3117343141.94693
BEN,IMPORTS,2024,4683140133.79221
BEN,IMPORTS,2023,4851357175.5354
BEN,IMPORTS,2022,4106516764.69897
BEN,IMPORTS,2021,4799723188.71051
BEN,IMPORTS,2020,3915530456.1048
BEN,CURRENT_ACCOUNT,2024,
BEN,CURRENT_ACCOUNT,2023,-8.17628006592928
BEN,CURRENT_ACCOUNT,2022,-5.68712530548324
BEN,CURRENT_ACCOUNT,2021,-4.15352071063382
BEN,CURRENT_ACCOUNT,2020,-1.74648575797682
BEN,POPULATION,2024,14462724.0
BEN,POPULATION,2023,14111034.0
BEN,POPULATION,2022,13759501.0
BEN,POPULATION,2021,13413417.0
BEN,POPULATION,2020,13070169.0
BFA,GDP_GROWTH,2024,4.83395810163883
BFA,GDP_GROWTH,2023,3.00027415814125
BFA,GDP_GROWTH,2022,1.62673258211919
BFA,GDP_GROWTH,2021,6.94252492572348
BFA,GDP_GROWTH,2020,2.01077262406221
BFA,GDP_PC,2024,982.493100418428
BFA,GDP_PC,2023,873.198061670247
BFA,GDP_PC,2022,827.330843486661
BFA,GDP_PC,2021,895.535288442991
BFA,GDP_PC,2020,825.237038782475
BFA,INFLATION,2024,4.19081721344523
BFA,INFLATION,2023,0.742910428668918
BFA,INFLATION,2022,14.2902354303358
BFA,INFLATION,2021,3.65326761825509
BFA,INFLATION,2020,1.88470066518847
BFA,UNEMPLOYMENT,2024,3.441
BFA,UNEMPLOYMENT,2023,3.601
BFA,UNEMPLOYMENT,2022,3.828
BFA,UNEMPLOYMENT,2021,4.511
BFA,UNEMPLOYMENT,2020,4.59
BFA,GOV_DEBT,2024,64.1848911988902
BFA,GOV_DEBT,2023,61.9522242117801
BFA,GOV_DEBT,2022,63.1897248087734
BFA,GOV_DEBT,2021,55.5822235545459
BFA,GOV_DEBT,2020,73.3851925518101
BFA,FDI,2024,-202224388.094201
BFA,FDI,2023,109438755.395966
BFA,FDI,2022,669738240.850164
BFA,FDI,2021,-79957355.3390048
BFA,FDI,2020,-98777856.0144418
BFA,EXPORTS,2024,6608822103.86993
BFA,EXPORTS,2023,5820589716.51653
BFA,EXPORTS,2022,5813561183.39553
BFA,EXPORTS,2021,6460208896.64941
BFA,EXPORTS,2020,5632452790.61293
BFA,IMPORTS,2024,7387126425.77464
BFA,IMPORTS,2023,6877000995.68104
BFA,IMPORTS,2022,6760351772.06807
BFA,IMPORTS,2021,5835051415.32522
BFA,IMPORTS,2020,5133679370.81792
BFA,CURRENT_ACCOUNT,2024,-3.96877055984497
BFA,CURRENT_ACCOUNT,2023,-5.05911958154004
BFA,CURRENT_ACCOUNT,2022,-7.53912115376433
BFA,CURRENT_ACCOUNT,2021,0.392208859644244
BFA,CURRENT_ACCOUNT,2020,4.1931251239965
BFA,POPULATION,2024,23548781.0
BFA,POPULATION,2023,23025776.0
BFA,POPULATION,2022,22509038.0
BFA,POPULATION,2021,21995243.0
BFA,POPULATION,2020,21478690.0
CIV,GDP_GROWTH,2024,6.0195346193922
CIV,GDP_GROWTH,2023,6.60000045209176
CIV,GDP_GROWTH,2022,6.39988362730921
CIV,GDP_GROWTH,2021,7.06253713446816
CIV,GDP_GROWTH,2020,0.699728593494228
CIV,GDP_PC,2024,2727.8935220697
CIV,GDP_PC,2023,2591.9659048119
CIV,GDP_PC,2022,2333.37128301259
CIV,GDP_PC,2021,2455.98127641148
CIV,GDP_PC,2020,2179.72934832935
CIV,INFLATION,2024,3.45053028131019
CIV,INFLATION,2023,4.36972254867474
CIV,INFLATION,2022,5.23352856100843
CIV,INFLATION,2021,4.15919657911798
CIV,INFLATION,2020,2.41252617189053
CIV,UNEMPLOYMENT,2024,2.273
CIV,UNEMPLOYMENT,2023,2.263
CIV,UNEMPLOYMENT,2022,2.31
CIV,UNEMPLOYMENT,2021,2.623
CIV,UNEMPLOYMENT,2020,2.588
CIV,GOV_DEBT,2024,
CIV,GOV_DEBT,2023,
CIV,GOV_DEBT,2022,
CIV,GOV_DEBT,2021,
CIV,GOV_DEBT,2020,
CIV,FDI,2024,3121671772.60831
CIV,FDI,2023,2485137116.69214
CIV,FDI,2022,1599115748.83326
CIV,FDI,2021,1392435143.38301
CIV,FDI,2020,712915894.481616
CIV,EXPORTS,2024,22673827945.9702
CIV,EXPORTS,2023,18123337011.1187
CIV,EXPORTS,2022,17211097451.1321
CIV,EXPORTS,2021,16230487159.2541
CIV,EXPORTS,2020,13231732415.0367
CIV,IMPORTS,2024,21984729877.2984
CIV,IMPORTS,2023,21311191334.5497
CIV,IMPORTS,2022,20283240452.5601
CIV,IMPORTS,2021,16610109080.0793
CIV,IMPORTS,2020,13203807830.5952
CIV,CURRENT_ACCOUNT,2024,-4.46811097764034
CIV,CURRENT_ACCOUNT,2023,-8.05003680066956
CIV,CURRENT_ACCOUNT,2022,-7.60520680486661
CIV,CURRENT_ACCOUNT,2021,-3.94825311453384
CIV,CURRENT_ACCOUNT,2020,-3.13243536755176
CIV,POPULATION,2024,31934230.0
CIV,POPULATION,2023,31165654.0
CIV,POPULATION,2022,30395002.0
CIV,POPULATION,2021,29639736.0
CIV,POPULATION,2020,28915449.0
GHA,GDP_GROWTH,2024,5.84746854280382
GHA,GDP_GROWTH,2023,3.14009100080186
GHA,GDP_GROWTH,2022,3.80484978178042
GHA,GDP_GROWTH,2021,5.07646643533542
GHA,GDP_GROWTH,2020,0.513941670628171
GHA,GDP_PC,2024,2419.2518672482
GHA,GDP_PC,2023,2383.90410476221
GHA,GDP_PC,2022,2229.89122654479
GHA,GDP_PC,2021,2445.18662529344
GHA,GDP_PC,2020,2195.45481659987
GHA,INFLATION,2024,22.8483281157842
GHA,INFLATION,2023,38.1069656296501
GHA,INFLATION,2022,31.2558951049016
GHA,INFLATION,2021,9.9710886750444
GHA,INFLATION,2020,9.88728956269944
GHA,UNEMPLOYMENT,2024,2.82
GHA,UNEMPLOYMENT,2023,2.829
GHA,UNEMPLOYMENT,2022,2.87
GHA,UNEMPLOYMENT,2021,3.2
GHA,UNEMPLOYMENT,2020,3.178
GHA,GOV_DEBT,2024,
GHA,GOV_DEBT,2023,
GHA,GOV_DEBT,2022,
GHA,GOV_DEBT,2021,
GHA,GOV_DEBT,2020,
GHA,FDI,2024,1765552579.5641
GHA,FDI,2023,1319315614.67989
GHA,FDI,2022,1428411737.133
GHA,FDI,2021,2533586462.03873
GHA,FDI,2020,1875782953.46905
GHA,EXPORTS,2024,29197465998.8647
GHA,EXPORTS,2023,25590486225.4334
GHA,EXPORTS,2022,25623315466.9184
GHA,EXPORTS,2021,23898089227.0418
GHA,EXPORTS,2020,22070393252.1853
GHA,IMPORTS,2024,28244066026.1723
GHA,IMPORTS,2023,26272099171.5081
GHA,IMPORTS,2022,26205330553.5428
GHA,IMPORTS,2021,25963543826.9813
GHA,IMPORTS,2020,24537944240.0045
GHA,CURRENT_ACCOUNT,2024,1.91923157284388
GHA,CURRENT_ACCOUNT,2023,-0.911884130701339
GHA,CURRENT_ACCOUNT,2022,-2.33126484632356
GHA,CURRENT_ACCOUNT,2021,-2.8205574143058
GHA,CURRENT_ACCOUNT,2020,-3.04816313374944
GHA,POPULATION,2024,34427414.0
GHA,POPULATION,2023,33787914.0
GHA,POPULATION,2022,33149152.0
GHA,POPULATION,2021,32518665.0
GHA,POPULATION,2020,31887809.0
GIN,GDP_GROWTH,2024,5.35004659049265
GIN,GDP_GROWTH,2023,5.54172668627702
GIN,GDP_GROWTH,2022,3.97240784200721
GIN,GDP_GROWTH,2021,5.5823328114905
GIN,GDP_GROWTH,2020,4.70459096113575
GIN,GDP_PC,2024,1694.95375862185
GIN,GDP_PC,2023,1555.49375806861
GIN,GDP_PC,2022,1416.59612011764
GIN,GDP_PC,2021,1244.96550477914
GIN,GDP_PC,2020,1053.66097696415
GIN,INFLATION,2024,8.12313914948596
GIN,INFLATION,2023,7.80497591927973
GIN,INFLATION,2022,10.4930409984424
GIN,INFLATION,2021,12.5972882566934
GIN,INFLATION,2020,10.6016203387167
GIN,UNEMPLOYMENT,2024,5.132
GIN,UNEMPLOYMENT,2023,5.141
GIN,UNEMPLOYMENT,2022,5.174
GIN,UNEMPLOYMENT,2021,5.815
GIN,UNEMPLOYMENT,2020,6.007
GIN,GOV_DEBT,2024,
GIN,GOV_DEBT,2023,
GIN,GOV_DEBT,2022,
GIN,GOV_DEBT,2021,
GIN,GOV_DEBT,2020,
GIN,FDI,2024,1401830000.0
GIN,FDI,2023,1314930000.0
GIN,FDI,2022,658300000.0
GIN,FDI,2021,197610000.0
GIN,FDI,2020,176350000.0
GIN,EXPORTS,2024,10351843899.1646
GIN,EXPORTS,2023,9888943025.0436
GIN,EXPORTS,2022,9043059038.49661
GIN,EXPORTS,2021,9596023580.50904
GIN,EXPORTS,2020,6617433828.61847
GIN,IMPORTS,2024,14101095979.5768
GIN,IMPORTS,2023,11584168920.1287
GIN,IMPORTS,2022,9705672892.03881
GIN,IMPORTS,2021,10066835236.1114
GIN,IMPORTS,2020,9692379045.73057
GIN,CURRENT_ACCOUNT,2024,-1.56673613616474
GIN,CURRENT_ACCOUNT,2023,8.48425837744304
GIN,CURRENT_ACCOUNT,2022,16.8265386883899
GIN,CURRENT_ACCOUNT,2021,27.1761588078073
GIN,CURRENT_ACCOUNT,2020,19.0560604764664
GIN,POPULATION,2024,14754785.0
GIN,POPULATION,2023,14405468.0
GIN,POPULATION,2022,14055137.0
GIN,POPULATION,2021,13710513.0
GIN,POPULATION,2020,13371183.0
LBR,GDP_GROWTH,2024,4.02185464964835
LBR,GDP_GROWTH,2023,4.68375688761311
LBR,GDP_GROWTH,2022,4.80810517290655
LBR,GDP_GROWTH,2021,4.98671283481617
LBR,GDP_GROWTH,2020,-2.98249127649473
LBR,GDP_PC,2024,851.497723870206
LBR,GDP_PC,2023,799.194470229642
LBR,GDP_PC,2022,744.617175237387
LBR,GDP_PC,2021,667.96610514319
LBR,GDP_PC,2020,616.787867006715
LBR,INFLATION,2024,8.21497439118964
LBR,INFLATION,2023,10.0944535665552
LBR,INFLATION,2022,7.59298486560313
LBR,INFLATION,2021,7.81559385858648
LBR,INFLATION,2020,16.9557241496255
LBR,UNEMPLOYMENT,2024,2.914
LBR,UNEMPLOYMENT,2023,2.905
LBR,UNEMPLOYMENT,2022,2.956
LBR,UNEMPLOYMENT,2021,3.844
LBR,UNEMPLOYMENT,2020,4.102
LBR,GOV_DEBT,2024,
LBR,GOV_DEBT,2023,
LBR,GOV_DEBT,2022,
LBR,GOV_DEBT,2021,
LBR,GOV_DEBT,2020,
LBR,FDI,2024,471538316.99677
LBR,FDI,2023,312281351.862
LBR,FDI,2022,123765393.588
LBR,FDI,2021,-39290946.93
LBR,FDI,2020,-94014462.196
LBR,EXPORTS,2024,
LBR,EXPORTS,2023,
LBR,EXPORTS,2022,
LBR,EXPORTS,2021,
LBR,EXPORTS,2020,
LBR,IMPORTS,2024,
LBR,IMPORTS,2023,
LBR,IMPORTS,2022,
LBR,IMPORTS,2021,
LBR,IMPORTS,2020,
LBR,CURRENT_ACCOUNT,2024,2.50632277204121
LBR,CURRENT_ACCOUNT,2023,-11.5068290648574
LBR,CURRENT_ACCOUNT,2022,-8.71094478928875
LBR,CURRENT_ACCOUNT,2021,-2.83280554425972
LBR,CURRENT_ACCOUNT,2020,-10.3043027389936
LBR,POPULATION,2024,5612817.0
LBR,POPULATION,2023,5493031.0
LBR,POPULATION,2022,5373294.0
LBR,POPULATION,2021,5259323.0
LBR,POPULATION,2020,5149463.0
MLI,GDP_GROWTH,2024,5.01653579205785
MLI,GDP_GROWTH,2023,4.76394100040932
MLI,GDP_GROWTH,2022,3.70319027585386
MLI,GDP_GROWTH,2021,3.10094124463507
MLI,GDP_GROWTH,2020,-1.16910834857605
MLI,GDP_PC,2024,1093.2523323649
MLI,GDP_PC,2023,1042.44223444837
MLI,GDP_PC,2022,976.914116406452
MLI,GDP_PC,2021,1027.27345365357
MLI,GDP_PC,2020,953.242943290974
MLI,INFLATION,2024,3.2063986409966
MLI,INFLATION,2023,2.05880228274223
MLI,INFLATION,2022,9.62147608489064
MLI,INFLATION,2021,3.92560283104277
MLI,INFLATION,2020,0.438088940320669
MLI,UNEMPLOYMENT,2024,2.924
MLI,UNEMPLOYMENT,2023,2.947
MLI,UNEMPLOYMENT,2022,2.387
MLI,UNEMPLOYMENT,2021,4.006
MLI,UNEMPLOYMENT,2020,3.528
MLI,GOV_DEBT,2024,
MLI,GOV_DEBT,2023,
MLI,GOV_DEBT,2022,
MLI,GOV_DEBT,2021,
MLI,GOV_DEBT,2020,
MLI,FDI,2024,921044497.586045
MLI,FDI,2023,702559730.160354
MLI,FDI,2022,715469994.852307
MLI,FDI,2021,639944165.358959
MLI,FDI,2020,536851812.897275
MLI,EXPORTS,2024,5974568257.06758
MLI,EXPORTS,2023,6141554207.08006
MLI,EXPORTS,2022,5866178905.32816
MLI,EXPORTS,2021,5389820860.67646
MLI,EXPORTS,2020,5204085877.66132
MLI,IMPORTS,2024,7343580592.96065
MLI,IMPORTS,2023,8137764865.45859
MLI,IMPORTS,2022,8009736749.56921
MLI,IMPORTS,2021,7654213177.65694
MLI,IMPORTS,2020,6395707970.69675
MLI,CURRENT_ACCOUNT,2024,-4.32974251221221
MLI,CURRENT_ACCOUNT,2023,-6.49904215184635
MLI,CURRENT_ACCOUNT,2022,-6.54582121437752
MLI,CURRENT_ACCOUNT,2021,-6.38508311257971
MLI,CURRENT_ACCOUNT,2020,-1.83434524248166
MLI,POPULATION,2024,24478595.0
MLI,POPULATION,2023,23769127.0
MLI,POPULATION,2022,23072640.0
MLI,POPULATION,2021,22388630.0
MLI,POPULATION,2020,21713836.0
SEN,GDP_GROWTH,2024,6.46220577412338
SEN,GDP_GROWTH,2023,4.25743083300657
SEN,GDP_GROWTH,2022,3.85043193752725
SEN,GDP_GROWTH,2021,6.5440010991951
SEN,GDP_GROWTH,2020,1.34207377285524
SEN,GDP_PC,2024,1738.73223822106
SEN,GDP_PC,2023,1698.03387300843
SEN,GDP_PC,2022,1574.0281059306
SEN,GDP_PC,2021,1598.10676952274
SEN,GDP_PC,2020,1461.08720350553
SEN,INFLATION,2024,0.804503298792438
SEN,INFLATION,2023,5.93947798773215
SEN,INFLATION,2022,9.69681899081073
SEN,INFLATION,2021,2.18032278088147
SEN,INFLATION,2020,2.54314685681662
SEN,UNEMPLOYMENT,2024,2.788
SEN,UNEMPLOYMENT,2023,2.784
SEN,UNEMPLOYMENT,2022,2.837
SEN,UNEMPLOYMENT,2021,3.436
SEN,UNEMPLOYMENT,2020,3.432
SEN,GOV_DEBT,2024,
SEN,GOV_DEBT,2023,
SEN,GOV_DEBT,2022,
SEN,GOV_DEBT,2021,
SEN,GOV_DEBT,2020,
SEN,FDI,2024,2016428880.0
SEN,FDI,2023,4789996739.26742
SEN,FDI,2022,2928675555.20778
SEN,FDI,2021,2588127208.45378
SEN,FDI,2020,1845665272.73822
SEN,EXPORTS,2024,8197606373.40137
SEN,EXPORTS,2023,7092836396.8035
SEN,EXPORTS,2022,7417917497.04587
SEN,EXPORTS,2021,6781011708.68501
SEN,EXPORTS,2020,5077951817.12245
SEN,IMPORTS,2024,13754025059.2901
SEN,IMPORTS,2023,14883981467.266
SEN,IMPORTS,2022,14641332038.724
SEN,IMPORTS,2021,12311805834.7268
SEN,IMPORTS,2020,9651853852.83994
SEN,CURRENT_ACCOUNT,2024,
SEN,CURRENT_ACCOUNT,2023,-19.7803402658787
SEN,CURRENT_ACCOUNT,2022,-19.9485520410487
SEN,CURRENT_ACCOUNT,2021,-12.0900482268387
SEN,CURRENT_ACCOUNT,2020,-10.8532305243561
SEN,POPULATION,2024,18501984.0
SEN,POPULATION,2023,18077573.0
SEN,POPULATION,2022,17651103.0
SEN,POPULATION,2021,17220867.0
SEN,POPULATION,2020,16789219.0
SLE,GDP_GROWTH,2024,4.29322334404611
SLE,GDP_GROWTH,2023,5.7100218981806
SLE,GDP_GROWTH,2022,5.3135546141915
SLE,GDP_GROWTH,2021,5.8968527047094
SLE,GDP_GROWTH,2020,-1.2533490322766
SLE,GDP_PC,2024,806.654650274255
SLE,GDP_PC,2023,758.329137301888
SLE,GDP_PC,2022,860.371067874555
SLE,GDP_PC,2021,885.396401613729
SLE,GDP_PC,2020,845.277558236182
SLE,INFLATION,2024,28.6337500014115
SLE,INFLATION,2023,47.6428733253179
SLE,INFLATION,2022,27.2082883814653
SLE,INFLATION,2021,11.8739588840234
SLE,INFLATION,2020,13.4468711101052
SLE,UNEMPLOYMENT,2024,3.103
SLE,UNEMPLOYMENT,2023,3.092
SLE,UNEMPLOYMENT,2022,3.137
SLE,UNEMPLOYMENT,2021,3.551
SLE,UNEMPLOYMENT,2020,3.509
SLE,GOV_DEBT,2024,
SLE,GOV_DEBT,2023,
SLE,GOV_DEBT,2022,
SLE,GOV_DEBT,2021,
SLE,GOV_DEBT,2020,
SLE,FDI,2024,121785333.781549
SLE,FDI,2023,145910237.670517
SLE,FDI,2022,145000000.0
SLE,FDI,2021,214000000.0
SLE,FDI,2020,51000000.0
SLE,EXPORTS,2024,1203610315.47802
SLE,EXPORTS,2023,1344997466.54228
SLE,EXPORTS,2022,1194958865.00589
SLE,EXPORTS,2021,1114288670.11354
SLE,EXPORTS,2020,661505014.228488
SLE,IMPORTS,2024,1622864248.13392
SLE,IMPORTS,2023,2202122026.06211
SLE,IMPORTS,2022,2013408071.81272
SLE,IMPORTS,2021,1906108257.87819
SLE,IMPORTS,2020,1385993375.12883
SLE,CURRENT_ACCOUNT,2024,-14.1190349801252
SLE,CURRENT_ACCOUNT,2023,-7.86330353335447
SLE,CURRENT_ACCOUNT,2022,-6.3486336227146
SLE,CURRENT_ACCOUNT,2021,-7.29482310965872
SLE,CURRENT_ACCOUNT,2020,-5.83728154393524
SLE,POPULATION,2024,8642022.0
SLE,POPULATION,2023,8460512.0
SLE,POPULATION,2022,8276807.0
SLE,POPULATION,2021,8094602.0
SLE,POPULATION,2020,7912558.0
